experiment,metric,seconds
1,QKD_key_generation,1254.008273
1,SSS_split,2107.007362
1,Copy_SSS_shares,356.008905
1,Key_send_to_AES,34.009156
1,AES_encrypt,267.009121
1,Enc_artifact_distrib,45.006557
1,Copy_Alice_to_Infra,54.005098
1,HTTP_POST_shares,2578.010060
1,HTTP_GET_shares,3972.010908
1,Copy_Infra_to_Bob,62.008789
1,SSS_combine,183.014436
1,AES_decrypt,293.007454
2,QKD_key_generation,1254.007358
2,SSS_split,2107.007351
2,Copy_SSS_shares,356.012595
2,Key_send_to_AES,34.009669
2,AES_encrypt,267.013705
2,Enc_artifact_distrib,45.014839
2,Copy_Alice_to_Infra,54.012956
2,HTTP_POST_shares,2578.008798
2,HTTP_GET_shares,3972.008909
2,Copy_Infra_to_Bob,62.012360
2,SSS_combine,183.012929
2,AES_decrypt,293.009464
3,QKD_key_generation,1254.010225
3,SSS_split,2107.010589
3,Copy_SSS_shares,356.011415
3,Key_send_to_AES,34.007933
3,AES_encrypt,267.010064
3,Enc_artifact_distrib,45.012390
3,Copy_Alice_to_Infra,54.012138
3,HTTP_POST_shares,2578.014644
3,HTTP_GET_shares,3972.012184
3,Copy_Infra_to_Bob,62.009292
3,SSS_combine,183.011634
3,AES_decrypt,293.010893
4,QKD_key_generation,1254.013752
4,SSS_split,2107.007355
4,Copy_SSS_shares,356.013568
4,Key_send_to_AES,34.009314
4,AES_encrypt,267.011507
4,Enc_artifact_distrib,45.009858
4,Copy_Alice_to_Infra,54.006986
4,HTTP_POST_shares,2578.012278
4,HTTP_GET_shares,3972.012628
4,Copy_Infra_to_Bob,62.011491
4,SSS_combine,183.012846
4,AES_decrypt,293.013487
5,QKD_key_generation,1254.007030
5,SSS_split,2107.009266
5,Copy_SSS_shares,356.007802
5,Key_send_to_AES,34.014662
5,AES_encrypt,267.010184
5,Enc_artifact_distrib,45.008037
5,Copy_Alice_to_Infra,54.008001
5,HTTP_POST_shares,2578.013434
5,HTTP_GET_shares,3972.010698
5,Copy_Infra_to_Bob,62.005047
5,SSS_combine,183.014792
5,AES_decrypt,293.014730
6,QKD_key_generation,1254.008063
6,SSS_split,2107.009643
6,Copy_SSS_shares,356.007586
6,Key_send_to_AES,34.013789
6,AES_encrypt,267.008871
6,Enc_artifact_distrib,45.011019
6,Copy_Alice_to_Infra,54.012392
6,HTTP_POST_shares,2578.007297
6,HTTP_GET_shares,3972.005932
6,Copy_Infra_to_Bob,62.008225
6,SSS_combine,183.005363
6,AES_decrypt,293.010091
7,QKD_key_generation,1254.011464
7,SSS_split,2107.011589
7,Copy_SSS_shares,356.005275
7,Key_send_to_AES,34.006204
7,AES_encrypt,267.011506
7,Enc_artifact_distrib,45.013386
7,Copy_Alice_to_Infra,54.013081
7,HTTP_POST_shares,2578.008325
7,HTTP_GET_shares,3972.012781
7,Copy_Infra_to_Bob,62.010247
7,SSS_combine,183.006345
7,AES_decrypt,293.011920
8,QKD_key_generation,1254.014327
8,SSS_split,2107.010992
8,Copy_SSS_shares,356.006100
8,Key_send_to_AES,34.014367
8,AES_encrypt,267.006046
8,Enc_artifact_distrib,45.010859
8,Copy_Alice_to_Infra,54.005739
8,HTTP_POST_shares,2578.009409
8,HTTP_GET_shares,3972.013062
8,Copy_Infra_to_Bob,62.007606
8,SSS_combine,183.005678
8,AES_decrypt,293.014299
9,QKD_key_generation,1254.005818
9,SSS_split,2107.014752
9,Copy_SSS_shares,356.014882
9,Key_send_to_AES,34.011093
9,AES_encrypt,267.005780
9,Enc_artifact_distrib,45.006259
9,Copy_Alice_to_Infra,54.006629
9,HTTP_POST_shares,2578.006203
9,HTTP_GET_shares,3972.006020
9,Copy_Infra_to_Bob,62.007746
9,SSS_combine,183.011979
9,AES_decrypt,293.005592
10,QKD_key_generation,1254.013874
10,SSS_split,2107.009575
10,Copy_SSS_shares,356.007544
10,Key_send_to_AES,34.005914
10,AES_encrypt,267.009130
10,Enc_artifact_distrib,45.009685
10,Copy_Alice_to_Infra,54.009519
10,HTTP_POST_shares,2578.010691
10,HTTP_GET_shares,3972.005007
10,Copy_Infra_to_Bob,62.011848
10,SSS_combine,183.008451
10,AES_decrypt,293.005037
11,QKD_key_generation,1254.008054
11,SSS_split,2107.011315
11,Copy_SSS_shares,356.012187
11,Key_send_to_AES,34.007709
11,AES_encrypt,267.009647
11,Enc_artifact_distrib,45.008972
11,Copy_Alice_to_Infra,54.009291
11,HTTP_POST_shares,2578.010545
11,HTTP_GET_shares,3972.012608
11,Copy_Infra_to_Bob,62.009572
11,SSS_combine,183.011650
11,AES_decrypt,293.011583
12,QKD_key_generation,1254.011008
12,SSS_split,2107.010157
12,Copy_SSS_shares,356.014265
12,Key_send_to_AES,34.007695
12,AES_encrypt,267.012094
12,Enc_artifact_distrib,45.010219
12,Copy_Alice_to_Infra,54.008906
12,HTTP_POST_shares,2578.014447
12,HTTP_GET_shares,3972.009461
12,Copy_Infra_to_Bob,62.012774
12,SSS_combine,183.013482
12,AES_decrypt,293.010868
13,QKD_key_generation,1254.007711
13,SSS_split,2107.010995
13,Copy_SSS_shares,356.011237
13,Key_send_to_AES,34.011811
13,AES_encrypt,267.008639
13,Enc_artifact_distrib,45.005721
13,Copy_Alice_to_Infra,54.008172
13,HTTP_POST_shares,2578.014076
13,HTTP_GET_shares,3972.012655
13,Copy_Infra_to_Bob,62.009343
13,SSS_combine,183.013564
13,AES_decrypt,293.010187
14,QKD_key_generation,1254.005540
14,SSS_split,2107.007933
14,Copy_SSS_shares,356.014255
14,Key_send_to_AES,34.010832
14,AES_encrypt,267.010872
14,Enc_artifact_distrib,45.006351
14,Copy_Alice_to_Infra,54.014110
14,HTTP_POST_shares,2578.011349
14,HTTP_GET_shares,3972.007690
14,Copy_Infra_to_Bob,62.009728
14,SSS_combine,183.009840
14,AES_decrypt,293.007755
15,QKD_key_generation,1254.006120
15,SSS_split,2107.007549
15,Copy_SSS_shares,356.007009
15,Key_send_to_AES,34.007110
15,AES_encrypt,267.014472
15,Enc_artifact_distrib,45.006278
15,Copy_Alice_to_Infra,54.008079
15,HTTP_POST_shares,2578.013059
15,HTTP_GET_shares,3972.005688
15,Copy_Infra_to_Bob,62.014829
15,SSS_combine,183.008177
15,AES_decrypt,293.006380
16,QKD_key_generation,1254.007664
16,SSS_split,2107.008204
16,Copy_SSS_shares,356.014502
16,Key_send_to_AES,34.013213
16,AES_encrypt,267.008970
16,Enc_artifact_distrib,45.012644
16,Copy_Alice_to_Infra,54.007702
16,HTTP_POST_shares,2578.009359
16,HTTP_GET_shares,3972.014049
16,Copy_Infra_to_Bob,62.011942
16,SSS_combine,183.012167
16,AES_decrypt,293.009326
17,QKD_key_generation,1254.008330
17,SSS_split,2107.013378
17,Copy_SSS_shares,356.005823
17,Key_send_to_AES,34.014630
17,AES_encrypt,267.013106
17,Enc_artifact_distrib,45.012951
17,Copy_Alice_to_Infra,54.014907
17,HTTP_POST_shares,2578.005836
17,HTTP_GET_shares,3972.010616
17,Copy_Infra_to_Bob,62.011040
17,SSS_combine,183.008930
17,AES_decrypt,293.013771
18,QKD_key_generation,1254.010705
18,SSS_split,2107.006035
18,Copy_SSS_shares,356.013814
18,Key_send_to_AES,34.014879
18,AES_encrypt,267.011628
18,Enc_artifact_distrib,45.006880
18,Copy_Alice_to_Infra,54.014470
18,HTTP_POST_shares,2578.013600
18,HTTP_GET_shares,3972.006010
18,Copy_Infra_to_Bob,62.012072
18,SSS_combine,183.014786
18,AES_decrypt,293.006933
19,QKD_key_generation,1254.011121
19,SSS_split,2107.014827
19,Copy_SSS_shares,356.012504
19,Key_send_to_AES,34.012368
19,AES_encrypt,267.009859
19,Enc_artifact_distrib,45.011435
19,Copy_Alice_to_Infra,54.012917
19,HTTP_POST_shares,2578.011429
19,HTTP_GET_shares,3972.005729
19,Copy_Infra_to_Bob,62.007641
19,SSS_combine,183.010590
19,AES_decrypt,293.006409
20,QKD_key_generation,1254.007374
20,SSS_split,2107.013234
20,Copy_SSS_shares,356.012305
20,Key_send_to_AES,34.006186
20,AES_encrypt,267.013557
20,Enc_artifact_distrib,45.005748
20,Copy_Alice_to_Infra,54.008072
20,HTTP_POST_shares,2578.006832
20,HTTP_GET_shares,3972.013945
20,Copy_Infra_to_Bob,62.013558
20,SSS_combine,183.011125
20,AES_decrypt,293.012431
21,QKD_key_generation,1254.008376
21,SSS_split,2107.013872
21,Copy_SSS_shares,356.008841
21,Key_send_to_AES,34.011566
21,AES_encrypt,267.012138
21,Enc_artifact_distrib,45.010518
21,Copy_Alice_to_Infra,54.013808
21,HTTP_POST_shares,2578.006212
21,HTTP_GET_shares,3972.010417
21,Copy_Infra_to_Bob,62.013625
21,SSS_combine,183.013767
21,AES_decrypt,293.014073
22,QKD_key_generation,1254.013106
22,SSS_split,2107.009749
22,Copy_SSS_shares,356.009003
22,Key_send_to_AES,34.011292
22,AES_encrypt,267.014839
22,Enc_artifact_distrib,45.007736
22,Copy_Alice_to_Infra,54.005188
22,HTTP_POST_shares,2578.010174
22,HTTP_GET_shares,3972.012417
22,Copy_Infra_to_Bob,62.012731
22,SSS_combine,183.010740
22,AES_decrypt,293.007994
23,QKD_key_generation,1254.009737
23,SSS_split,2107.010895
23,Copy_SSS_shares,356.009085
23,Key_send_to_AES,34.010510
23,AES_encrypt,267.008169
23,Enc_artifact_distrib,45.009948
23,Copy_Alice_to_Infra,54.014243
23,HTTP_POST_shares,2578.007178
23,HTTP_GET_shares,3972.012296
23,Copy_Infra_to_Bob,62.012123
23,SSS_combine,183.010845
23,AES_decrypt,293.009207
24,QKD_key_generation,1254.007649
24,SSS_split,2107.005596
24,Copy_SSS_shares,356.005631
24,Key_send_to_AES,34.013672
24,AES_encrypt,267.011027
24,Enc_artifact_distrib,45.009272
24,Copy_Alice_to_Infra,54.006902
24,HTTP_POST_shares,2578.012328
24,HTTP_GET_shares,3972.005404
24,Copy_Infra_to_Bob,62.007123
24,SSS_combine,183.007754
24,AES_decrypt,293.008540
25,QKD_key_generation,1254.011573
25,SSS_split,2107.010074
25,Copy_SSS_shares,356.006136
25,Key_send_to_AES,34.012828
25,AES_encrypt,267.006047
25,Enc_artifact_distrib,45.010717
25,Copy_Alice_to_Infra,54.008401
25,HTTP_POST_shares,2578.014122
25,HTTP_GET_shares,3972.005595
25,Copy_Infra_to_Bob,62.012225
25,SSS_combine,183.010702
25,AES_decrypt,293.009925
26,QKD_key_generation,1254.008183
26,SSS_split,2107.008276
26,Copy_SSS_shares,356.010270
26,Key_send_to_AES,34.008422
26,AES_encrypt,267.014005
26,Enc_artifact_distrib,45.005347
26,Copy_Alice_to_Infra,54.005532
26,HTTP_POST_shares,2578.011976
26,HTTP_GET_shares,3972.010358
26,Copy_Infra_to_Bob,62.007421
26,SSS_combine,183.014246
26,AES_decrypt,293.011859
27,QKD_key_generation,1254.005561
27,SSS_split,2107.008233
27,Copy_SSS_shares,356.013368
27,Key_send_to_AES,34.009603
27,AES_encrypt,267.012406
27,Enc_artifact_distrib,45.010294
27,Copy_Alice_to_Infra,54.011256
27,HTTP_POST_shares,2578.008149
27,HTTP_GET_shares,3972.012335
27,Copy_Infra_to_Bob,62.007411
27,SSS_combine,183.007367
27,AES_decrypt,293.008291
28,QKD_key_generation,1254.013249
28,SSS_split,2107.014913
28,Copy_SSS_shares,356.011158
28,Key_send_to_AES,34.010147
28,AES_encrypt,267.013798
28,Enc_artifact_distrib,45.008720
28,Copy_Alice_to_Infra,54.009855
28,HTTP_POST_shares,2578.010310
28,HTTP_GET_shares,3972.012073
28,Copy_Infra_to_Bob,62.009160
28,SSS_combine,183.007545
28,AES_decrypt,293.007304
29,QKD_key_generation,1254.012902
29,SSS_split,2107.005632
29,Copy_SSS_shares,356.010766
29,Key_send_to_AES,34.013422
29,AES_encrypt,267.012440
29,Enc_artifact_distrib,45.013145
29,Copy_Alice_to_Infra,54.012448
29,HTTP_POST_shares,2578.005382
29,HTTP_GET_shares,3972.010572
29,Copy_Infra_to_Bob,62.009556
29,SSS_combine,183.006511
29,AES_decrypt,293.012503
30,QKD_key_generation,1254.012072
30,SSS_split,2107.008591
30,Copy_SSS_shares,356.011601
30,Key_send_to_AES,34.007232
30,AES_encrypt,267.007054
30,Enc_artifact_distrib,45.013076
30,Copy_Alice_to_Infra,54.008373
30,HTTP_POST_shares,2578.006263
30,HTTP_GET_shares,3972.012906
30,Copy_Infra_to_Bob,62.007123
30,SSS_combine,183.013327
30,AES_decrypt,293.006481
31,QKD_key_generation,1254.007659
31,SSS_split,2107.012501
31,Copy_SSS_shares,356.011650
31,Key_send_to_AES,34.005746
31,AES_encrypt,267.005368
31,Enc_artifact_distrib,45.009611
31,Copy_Alice_to_Infra,54.013734
31,HTTP_POST_shares,2578.012813
31,HTTP_GET_shares,3972.012510
31,Copy_Infra_to_Bob,62.005923
31,SSS_combine,183.012304
31,AES_decrypt,293.008439
32,QKD_key_generation,1254.012856
32,SSS_split,2107.008306
32,Copy_SSS_shares,356.014617
32,Key_send_to_AES,34.013586
32,AES_encrypt,267.007416
32,Enc_artifact_distrib,45.010938
32,Copy_Alice_to_Infra,54.012035
32,HTTP_POST_shares,2578.008412
32,HTTP_GET_shares,3972.008639
32,Copy_Infra_to_Bob,62.008313
32,SSS_combine,183.008360
32,AES_decrypt,293.007447
33,QKD_key_generation,1254.007825
33,SSS_split,2107.012085
33,Copy_SSS_shares,356.011670
33,Key_send_to_AES,34.010128
33,AES_encrypt,267.014858
33,Enc_artifact_distrib,45.005296
33,Copy_Alice_to_Infra,54.011717
33,HTTP_POST_shares,2578.011710
33,HTTP_GET_shares,3972.005614
33,Copy_Infra_to_Bob,62.011162
33,SSS_combine,183.010532
33,AES_decrypt,293.012500
34,QKD_key_generation,1254.010306
34,SSS_split,2107.008474
34,Copy_SSS_shares,356.011298
34,Key_send_to_AES,34.007785
34,AES_encrypt,267.014973
34,Enc_artifact_distrib,45.009746
34,Copy_Alice_to_Infra,54.012780
34,HTTP_POST_shares,2578.014149
34,HTTP_GET_shares,3972.009920
34,Copy_Infra_to_Bob,62.006324
34,SSS_combine,183.006773
34,AES_decrypt,293.009710
35,QKD_key_generation,1254.007264
35,SSS_split,2107.012292
35,Copy_SSS_shares,356.006901
35,Key_send_to_AES,34.013641
35,AES_encrypt,267.008547
35,Enc_artifact_distrib,45.013648
35,Copy_Alice_to_Infra,54.005278
35,HTTP_POST_shares,2578.006395
35,HTTP_GET_shares,3972.014458
35,Copy_Infra_to_Bob,62.010418
35,SSS_combine,183.011747
35,AES_decrypt,293.008345
36,QKD_key_generation,1254.014704
36,SSS_split,2107.010629
36,Copy_SSS_shares,356.014813
36,Key_send_to_AES,34.006074
36,AES_encrypt,267.005883
36,Enc_artifact_distrib,45.006979
36,Copy_Alice_to_Infra,54.007040
36,HTTP_POST_shares,2578.013635
36,HTTP_GET_shares,3972.013194
36,Copy_Infra_to_Bob,62.012182
36,SSS_combine,183.006077
36,AES_decrypt,293.013984
37,QKD_key_generation,1254.011307
37,SSS_split,2107.012379
37,Copy_SSS_shares,356.014391
37,Key_send_to_AES,34.007842
37,AES_encrypt,267.013741
37,Enc_artifact_distrib,45.011186
37,Copy_Alice_to_Infra,54.010391
37,HTTP_POST_shares,2578.006969
37,HTTP_GET_shares,3972.006536
37,Copy_Infra_to_Bob,62.006308
37,SSS_combine,183.013065
37,AES_decrypt,293.009250
38,QKD_key_generation,1254.008424
38,SSS_split,2107.011066
38,Copy_SSS_shares,356.013900
38,Key_send_to_AES,34.012656
38,AES_encrypt,267.009741
38,Enc_artifact_distrib,45.010155
38,Copy_Alice_to_Infra,54.010252
38,HTTP_POST_shares,2578.014438
38,HTTP_GET_shares,3972.013293
38,Copy_Infra_to_Bob,62.006917
38,SSS_combine,183.008829
38,AES_decrypt,293.010143
39,QKD_key_generation,1254.009648
39,SSS_split,2107.009355
39,Copy_SSS_shares,356.007428
39,Key_send_to_AES,34.012750
39,AES_encrypt,267.006401
39,Enc_artifact_distrib,45.014650
39,Copy_Alice_to_Infra,54.005735
39,HTTP_POST_shares,2578.009451
39,HTTP_GET_shares,3972.008370
39,Copy_Infra_to_Bob,62.006395
39,SSS_combine,183.011780
39,AES_decrypt,293.010363
40,QKD_key_generation,1254.014041
40,SSS_split,2107.005756
40,Copy_SSS_shares,356.008038
40,Key_send_to_AES,34.009602
40,AES_encrypt,267.008974
40,Enc_artifact_distrib,45.006817
40,Copy_Alice_to_Infra,54.010483
40,HTTP_POST_shares,2578.011489
40,HTTP_GET_shares,3972.013823
40,Copy_Infra_to_Bob,62.008358
40,SSS_combine,183.014600
40,AES_decrypt,293.005030
41,QKD_key_generation,1254.010877
41,SSS_split,2107.012427
41,Copy_SSS_shares,356.009470
41,Key_send_to_AES,34.007210
41,AES_encrypt,267.013087
41,Enc_artifact_distrib,45.008386
41,Copy_Alice_to_Infra,54.008003
41,HTTP_POST_shares,2578.011679
41,HTTP_GET_shares,3972.009096
41,Copy_Infra_to_Bob,62.013583
41,SSS_combine,183.012147
41,AES_decrypt,293.013429
42,QKD_key_generation,1254.009523
42,SSS_split,2107.012726
42,Copy_SSS_shares,356.009027
42,Key_send_to_AES,34.013404
42,AES_encrypt,267.005307
42,Enc_artifact_distrib,45.007598
42,Copy_Alice_to_Infra,54.008816
42,HTTP_POST_shares,2578.009494
42,HTTP_GET_shares,3972.006871
42,Copy_Infra_to_Bob,62.008636
42,SSS_combine,183.005684
42,AES_decrypt,293.007243
43,QKD_key_generation,1254.011775
43,SSS_split,2107.014772
43,Copy_SSS_shares,356.008141
43,Key_send_to_AES,34.007037
43,AES_encrypt,267.010376
43,Enc_artifact_distrib,45.009122
43,Copy_Alice_to_Infra,54.008146
43,HTTP_POST_shares,2578.008780
43,HTTP_GET_shares,3972.005326
43,Copy_Infra_to_Bob,62.011902
43,SSS_combine,183.008250
43,AES_decrypt,293.005544
44,QKD_key_generation,1254.006144
44,SSS_split,2107.006350
44,Copy_SSS_shares,356.007873
44,Key_send_to_AES,34.009599
44,AES_encrypt,267.009123
44,Enc_artifact_distrib,45.014652
44,Copy_Alice_to_Infra,54.006387
44,HTTP_POST_shares,2578.009012
44,HTTP_GET_shares,3972.008856
44,Copy_Infra_to_Bob,62.005780
44,SSS_combine,183.005547
44,AES_decrypt,293.013298
45,QKD_key_generation,1254.010959
45,SSS_split,2107.006840
45,Copy_SSS_shares,356.011563
45,Key_send_to_AES,34.012005
45,AES_encrypt,267.006130
45,Enc_artifact_distrib,45.011360
45,Copy_Alice_to_Infra,54.009250
45,HTTP_POST_shares,2578.008946
45,HTTP_GET_shares,3972.006947
45,Copy_Infra_to_Bob,62.014816
45,SSS_combine,183.006145
45,AES_decrypt,293.008308
46,QKD_key_generation,1254.014408
46,SSS_split,2107.012175
46,Copy_SSS_shares,356.005283
46,Key_send_to_AES,34.005091
46,AES_encrypt,267.005732
46,Enc_artifact_distrib,45.006063
46,Copy_Alice_to_Infra,54.008192
46,HTTP_POST_shares,2578.005213
46,HTTP_GET_shares,3972.012825
46,Copy_Infra_to_Bob,62.010886
46,SSS_combine,183.008458
46,AES_decrypt,293.008816
47,QKD_key_generation,1254.009365
47,SSS_split,2107.009852
47,Copy_SSS_shares,356.011797
47,Key_send_to_AES,34.010693
47,AES_encrypt,267.007875
47,Enc_artifact_distrib,45.009480
47,Copy_Alice_to_Infra,54.008850
47,HTTP_POST_shares,2578.009943
47,HTTP_GET_shares,3972.013701
47,Copy_Infra_to_Bob,62.006434
47,SSS_combine,183.009056
47,AES_decrypt,293.011344
48,QKD_key_generation,1254.011731
48,SSS_split,2107.011228
48,Copy_SSS_shares,356.010692
48,Key_send_to_AES,34.007405
48,AES_encrypt,267.014106
48,Enc_artifact_distrib,45.006186
48,Copy_Alice_to_Infra,54.012750
48,HTTP_POST_shares,2578.006009
48,HTTP_GET_shares,3972.011343
48,Copy_Infra_to_Bob,62.011634
48,SSS_combine,183.008591
48,AES_decrypt,293.005071
49,QKD_key_generation,1254.005428
49,SSS_split,2107.014240
49,Copy_SSS_shares,356.008140
49,Key_send_to_AES,34.011127
49,AES_encrypt,267.005671
49,Enc_artifact_distrib,45.006997
49,Copy_Alice_to_Infra,54.012908
49,HTTP_POST_shares,2578.013346
49,HTTP_GET_shares,3972.012503
49,Copy_Infra_to_Bob,62.009608
49,SSS_combine,183.013309
49,AES_decrypt,293.008673
50,QKD_key_generation,1254.008469
50,SSS_split,2107.013401
50,Copy_SSS_shares,356.014269
50,Key_send_to_AES,34.008836
50,AES_encrypt,267.005393
50,Enc_artifact_distrib,45.005150
50,Copy_Alice_to_Infra,54.009043
50,HTTP_POST_shares,2578.013902
50,HTTP_GET_shares,3972.012883
50,Copy_Infra_to_Bob,62.010619
50,SSS_combine,183.009057
50,AES_decrypt,293.008574
51,QKD_key_generation,1254.009291
51,SSS_split,2107.013405
51,Copy_SSS_shares,356.009192
51,Key_send_to_AES,34.014000
51,AES_encrypt,267.010319
51,Enc_artifact_distrib,45.014462
51,Copy_Alice_to_Infra,54.010335
51,HTTP_POST_shares,2578.010104
51,HTTP_GET_shares,3972.007740
51,Copy_Infra_to_Bob,62.011144
51,SSS_combine,183.005371
51,AES_decrypt,293.007585
52,QKD_key_generation,1254.012653
52,SSS_split,2107.013341
52,Copy_SSS_shares,356.009287
52,Key_send_to_AES,34.014687
52,AES_encrypt,267.011610
52,Enc_artifact_distrib,45.007469
52,Copy_Alice_to_Infra,54.008820
52,HTTP_POST_shares,2578.011551
52,HTTP_GET_shares,3972.009464
52,Copy_Infra_to_Bob,62.013098
52,SSS_combine,183.006162
52,AES_decrypt,293.013693
53,QKD_key_generation,1254.007606
53,SSS_split,2107.007629
53,Copy_SSS_shares,356.005014
53,Key_send_to_AES,34.013542
53,AES_encrypt,267.005033
53,Enc_artifact_distrib,45.009721
53,Copy_Alice_to_Infra,54.007401
53,HTTP_POST_shares,2578.008965
53,HTTP_GET_shares,3972.010634
53,Copy_Infra_to_Bob,62.006920
53,SSS_combine,183.009589
53,AES_decrypt,293.014371
54,QKD_key_generation,1254.008563
54,SSS_split,2107.007832
54,Copy_SSS_shares,356.013570
54,Key_send_to_AES,34.009065
54,AES_encrypt,267.007180
54,Enc_artifact_distrib,45.010449
54,Copy_Alice_to_Infra,54.010705
54,HTTP_POST_shares,2578.011413
54,HTTP_GET_shares,3972.012222
54,Copy_Infra_to_Bob,62.009669
54,SSS_combine,183.008733
54,AES_decrypt,293.005883
55,QKD_key_generation,1254.013542
55,SSS_split,2107.010474
55,Copy_SSS_shares,356.011594
55,Key_send_to_AES,34.011051
55,AES_encrypt,267.009342
55,Enc_artifact_distrib,45.006272
55,Copy_Alice_to_Infra,54.012489
55,HTTP_POST_shares,2578.008585
55,HTTP_GET_shares,3972.013543
55,Copy_Infra_to_Bob,62.005239
55,SSS_combine,183.012873
55,AES_decrypt,293.013950
56,QKD_key_generation,1254.007470
56,SSS_split,2107.014300
56,Copy_SSS_shares,356.006485
56,Key_send_to_AES,34.012766
56,AES_encrypt,267.014672
56,Enc_artifact_distrib,45.011437
56,Copy_Alice_to_Infra,54.009012
56,HTTP_POST_shares,2578.007036
56,HTTP_GET_shares,3972.011989
56,Copy_Infra_to_Bob,62.010434
56,SSS_combine,183.011735
56,AES_decrypt,293.013169
57,QKD_key_generation,1254.012411
57,SSS_split,2107.013682
57,Copy_SSS_shares,356.013745
57,Key_send_to_AES,34.010171
57,AES_encrypt,267.012180
57,Enc_artifact_distrib,45.005533
57,Copy_Alice_to_Infra,54.011799
57,HTTP_POST_shares,2578.012460
57,HTTP_GET_shares,3972.012863
57,Copy_Infra_to_Bob,62.010121
57,SSS_combine,183.012064
57,AES_decrypt,293.005908
58,QKD_key_generation,1254.012950
58,SSS_split,2107.009634
58,Copy_SSS_shares,356.009688
58,Key_send_to_AES,34.011675
58,AES_encrypt,267.008701
58,Enc_artifact_distrib,45.005193
58,Copy_Alice_to_Infra,54.010855
58,HTTP_POST_shares,2578.011924
58,HTTP_GET_shares,3972.013330
58,Copy_Infra_to_Bob,62.009668
58,SSS_combine,183.008998
58,AES_decrypt,293.008126
59,QKD_key_generation,1254.008420
59,SSS_split,2107.010125
59,Copy_SSS_shares,356.009356
59,Key_send_to_AES,34.005171
59,AES_encrypt,267.006866
59,Enc_artifact_distrib,45.010408
59,Copy_Alice_to_Infra,54.006112
59,HTTP_POST_shares,2578.006798
59,HTTP_GET_shares,3972.007626
59,Copy_Infra_to_Bob,62.009299
59,SSS_combine,183.010706
59,AES_decrypt,293.013761
60,QKD_key_generation,1254.013015
60,SSS_split,2107.007470
60,Copy_SSS_shares,356.010306
60,Key_send_to_AES,34.014064
60,AES_encrypt,267.007910
60,Enc_artifact_distrib,45.012888
60,Copy_Alice_to_Infra,54.012743
60,HTTP_POST_shares,2578.005740
60,HTTP_GET_shares,3972.014445
60,Copy_Infra_to_Bob,62.014069
60,SSS_combine,183.014954
60,AES_decrypt,293.011044
61,QKD_key_generation,1254.006936
61,SSS_split,2107.012939
61,Copy_SSS_shares,356.013534
61,Key_send_to_AES,34.013629
61,AES_encrypt,267.013566
61,Enc_artifact_distrib,45.012511
61,Copy_Alice_to_Infra,54.007618
61,HTTP_POST_shares,2578.007984
61,HTTP_GET_shares,3972.009439
61,Copy_Infra_to_Bob,62.005274
61,SSS_combine,183.005814
61,AES_decrypt,293.006283
62,QKD_key_generation,1254.005320
62,SSS_split,2107.014055
62,Copy_SSS_shares,356.009435
62,Key_send_to_AES,34.011236
62,AES_encrypt,267.012774
62,Enc_artifact_distrib,45.005101
62,Copy_Alice_to_Infra,54.013342
62,HTTP_POST_shares,2578.005341
62,HTTP_GET_shares,3972.011343
62,Copy_Infra_to_Bob,62.008241
62,SSS_combine,183.014879
62,AES_decrypt,293.014176
63,QKD_key_generation,1254.010030
63,SSS_split,2107.008306
63,Copy_SSS_shares,356.010082
63,Key_send_to_AES,34.007215
63,AES_encrypt,267.009329
63,Enc_artifact_distrib,45.009136
63,Copy_Alice_to_Infra,54.010883
63,HTTP_POST_shares,2578.007006
63,HTTP_GET_shares,3972.011820
63,Copy_Infra_to_Bob,62.014781
63,SSS_combine,183.012612
63,AES_decrypt,293.013427
64,QKD_key_generation,1254.006998
64,SSS_split,2107.008528
64,Copy_SSS_shares,356.006237
64,Key_send_to_AES,34.005801
64,AES_encrypt,267.006667
64,Enc_artifact_distrib,45.011437
64,Copy_Alice_to_Infra,54.008436
64,HTTP_POST_shares,2578.010202
64,HTTP_GET_shares,3972.010785
64,Copy_Infra_to_Bob,62.009009
64,SSS_combine,183.013833
64,AES_decrypt,293.006254
65,QKD_key_generation,1254.007618
65,SSS_split,2107.007499
65,Copy_SSS_shares,356.009941
65,Key_send_to_AES,34.014521
65,AES_encrypt,267.006718
65,Enc_artifact_distrib,45.012532
65,Copy_Alice_to_Infra,54.013869
65,HTTP_POST_shares,2578.007220
65,HTTP_GET_shares,3972.012562
65,Copy_Infra_to_Bob,62.012512
65,SSS_combine,183.012849
65,AES_decrypt,293.008147
66,QKD_key_generation,1254.008549
66,SSS_split,2107.005265
66,Copy_SSS_shares,356.007965
66,Key_send_to_AES,34.005375
66,AES_encrypt,267.007376
66,Enc_artifact_distrib,45.006362
66,Copy_Alice_to_Infra,54.013685
66,HTTP_POST_shares,2578.012861
66,HTTP_GET_shares,3972.008913
66,Copy_Infra_to_Bob,62.010429
66,SSS_combine,183.007387
66,AES_decrypt,293.009476
67,QKD_key_generation,1254.009045
67,SSS_split,2107.008204
67,Copy_SSS_shares,356.009698
67,Key_send_to_AES,34.008762
67,AES_encrypt,267.005032
67,Enc_artifact_distrib,45.009095
67,Copy_Alice_to_Infra,54.007676
67,HTTP_POST_shares,2578.008812
67,HTTP_GET_shares,3972.005917
67,Copy_Infra_to_Bob,62.008237
67,SSS_combine,183.005274
67,AES_decrypt,293.010812
68,QKD_key_generation,1254.012693
68,SSS_split,2107.009502
68,Copy_SSS_shares,356.008928
68,Key_send_to_AES,34.014210
68,AES_encrypt,267.010128
68,Enc_artifact_distrib,45.012914
68,Copy_Alice_to_Infra,54.005505
68,HTTP_POST_shares,2578.010600
68,HTTP_GET_shares,3972.007148
68,Copy_Infra_to_Bob,62.010929
68,SSS_combine,183.007505
68,AES_decrypt,293.008098
69,QKD_key_generation,1254.010562
69,SSS_split,2107.014098
69,Copy_SSS_shares,356.014960
69,Key_send_to_AES,34.013467
69,AES_encrypt,267.010014
69,Enc_artifact_distrib,45.011128
69,Copy_Alice_to_Infra,54.005231
69,HTTP_POST_shares,2578.008005
69,HTTP_GET_shares,3972.010656
69,Copy_Infra_to_Bob,62.012795
69,SSS_combine,183.005927
69,AES_decrypt,293.010212
70,QKD_key_generation,1254.012196
70,SSS_split,2107.012435
70,Copy_SSS_shares,356.006023
70,Key_send_to_AES,34.012230
70,AES_encrypt,267.014892
70,Enc_artifact_distrib,45.012477
70,Copy_Alice_to_Infra,54.008789
70,HTTP_POST_shares,2578.014906
70,HTTP_GET_shares,3972.007003
70,Copy_Infra_to_Bob,62.009332
70,SSS_combine,183.010520
70,AES_decrypt,293.014025
71,QKD_key_generation,1254.006908
71,SSS_split,2107.012099
71,Copy_SSS_shares,356.013554
71,Key_send_to_AES,34.007227
71,AES_encrypt,267.014496
71,Enc_artifact_distrib,45.005822
71,Copy_Alice_to_Infra,54.012521
71,HTTP_POST_shares,2578.012937
71,HTTP_GET_shares,3972.010394
71,Copy_Infra_to_Bob,62.013506
71,SSS_combine,183.013699
71,AES_decrypt,293.006777
72,QKD_key_generation,1254.012978
72,SSS_split,2107.005124
72,Copy_SSS_shares,356.013618
72,Key_send_to_AES,34.006607
72,AES_encrypt,267.011855
72,Enc_artifact_distrib,45.008011
72,Copy_Alice_to_Infra,54.011298
72,HTTP_POST_shares,2578.005981
72,HTTP_GET_shares,3972.006748
72,Copy_Infra_to_Bob,62.009161
72,SSS_combine,183.009001
72,AES_decrypt,293.009301
73,QKD_key_generation,1254.007143
73,SSS_split,2107.010641
73,Copy_SSS_shares,356.008947
73,Key_send_to_AES,34.010722
73,AES_encrypt,267.011680
73,Enc_artifact_distrib,45.010435
73,Copy_Alice_to_Infra,54.013195
73,HTTP_POST_shares,2578.011435
73,HTTP_GET_shares,3972.012411
73,Copy_Infra_to_Bob,62.006920
73,SSS_combine,183.010098
73,AES_decrypt,293.005319
74,QKD_key_generation,1254.006874
74,SSS_split,2107.009969
74,Copy_SSS_shares,356.011599
74,Key_send_to_AES,34.011446
74,AES_encrypt,267.013515
74,Enc_artifact_distrib,45.005990
74,Copy_Alice_to_Infra,54.009467
74,HTTP_POST_shares,2578.006242
74,HTTP_GET_shares,3972.006902
74,Copy_Infra_to_Bob,62.011943
74,SSS_combine,183.014857
74,AES_decrypt,293.008192
75,QKD_key_generation,1254.011353
75,SSS_split,2107.005606
75,Copy_SSS_shares,356.005321
75,Key_send_to_AES,34.010830
75,AES_encrypt,267.012374
75,Enc_artifact_distrib,45.012446
75,Copy_Alice_to_Infra,54.010565
75,HTTP_POST_shares,2578.008875
75,HTTP_GET_shares,3972.005116
75,Copy_Infra_to_Bob,62.006143
75,SSS_combine,183.009134
75,AES_decrypt,293.012163
76,QKD_key_generation,1254.012824
76,SSS_split,2107.005683
76,Copy_SSS_shares,356.013889
76,Key_send_to_AES,34.005998
76,AES_encrypt,267.006111
76,Enc_artifact_distrib,45.013989
76,Copy_Alice_to_Infra,54.010820
76,HTTP_POST_shares,2578.011394
76,HTTP_GET_shares,3972.011592
76,Copy_Infra_to_Bob,62.010717
76,SSS_combine,183.006556
76,AES_decrypt,293.013418
77,QKD_key_generation,1254.006279
77,SSS_split,2107.006118
77,Copy_SSS_shares,356.009874
77,Key_send_to_AES,34.006185
77,AES_encrypt,267.006723
77,Enc_artifact_distrib,45.012570
77,Copy_Alice_to_Infra,54.011879
77,HTTP_POST_shares,2578.011651
77,HTTP_GET_shares,3972.005057
77,Copy_Infra_to_Bob,62.011851
77,SSS_combine,183.012246
77,AES_decrypt,293.009862
78,QKD_key_generation,1254.012627
78,SSS_split,2107.007222
78,Copy_SSS_shares,356.013613
78,Key_send_to_AES,34.006250
78,AES_encrypt,267.006980
78,Enc_artifact_distrib,45.014364
78,Copy_Alice_to_Infra,54.013301
78,HTTP_POST_shares,2578.010922
78,HTTP_GET_shares,3972.011364
78,Copy_Infra_to_Bob,62.007382
78,SSS_combine,183.010203
78,AES_decrypt,293.007141
79,QKD_key_generation,1254.013399
79,SSS_split,2107.006651
79,Copy_SSS_shares,356.010763
79,Key_send_to_AES,34.006671
79,AES_encrypt,267.009698
79,Enc_artifact_distrib,45.013748
79,Copy_Alice_to_Infra,54.013036
79,HTTP_POST_shares,2578.011079
79,HTTP_GET_shares,3972.005710
79,Copy_Infra_to_Bob,62.013937
79,SSS_combine,183.005031
79,AES_decrypt,293.007819
80,QKD_key_generation,1254.014156
80,SSS_split,2107.009341
80,Copy_SSS_shares,356.012718
80,Key_send_to_AES,34.010463
80,AES_encrypt,267.013739
80,Enc_artifact_distrib,45.013430
80,Copy_Alice_to_Infra,54.009051
80,HTTP_POST_shares,2578.007122
80,HTTP_GET_shares,3972.013406
80,Copy_Infra_to_Bob,62.013120
80,SSS_combine,183.008307
80,AES_decrypt,293.009729
81,QKD_key_generation,1254.007654
81,SSS_split,2107.012522
81,Copy_SSS_shares,356.013584
81,Key_send_to_AES,34.008048
81,AES_encrypt,267.013349
81,Enc_artifact_distrib,45.013318
81,Copy_Alice_to_Infra,54.010767
81,HTTP_POST_shares,2578.006048
81,HTTP_GET_shares,3972.014978
81,Copy_Infra_to_Bob,62.012304
81,SSS_combine,183.007281
81,AES_decrypt,293.010864
82,QKD_key_generation,1254.010870
82,SSS_split,2107.010251
82,Copy_SSS_shares,356.010499
82,Key_send_to_AES,34.009695
82,AES_encrypt,267.005181
82,Enc_artifact_distrib,45.007630
82,Copy_Alice_to_Infra,54.012333
82,HTTP_POST_shares,2578.006621
82,HTTP_GET_shares,3972.012705
82,Copy_Infra_to_Bob,62.012029
82,SSS_combine,183.014993
82,AES_decrypt,293.014605
83,QKD_key_generation,1254.005413
83,SSS_split,2107.012803
83,Copy_SSS_shares,356.010040
83,Key_send_to_AES,34.014844
83,AES_encrypt,267.012280
83,Enc_artifact_distrib,45.014018
83,Copy_Alice_to_Infra,54.012314
83,HTTP_POST_shares,2578.007218
83,HTTP_GET_shares,3972.007159
83,Copy_Infra_to_Bob,62.007641
83,SSS_combine,183.007902
83,AES_decrypt,293.011839
84,QKD_key_generation,1254.009377
84,SSS_split,2107.005058
84,Copy_SSS_shares,356.012344
84,Key_send_to_AES,34.013015
84,AES_encrypt,267.013255
84,Enc_artifact_distrib,45.006164
84,Copy_Alice_to_Infra,54.008646
84,HTTP_POST_shares,2578.012839
84,HTTP_GET_shares,3972.011599
84,Copy_Infra_to_Bob,62.010833
84,SSS_combine,183.014617
84,AES_decrypt,293.007051
85,QKD_key_generation,1254.010010
85,SSS_split,2107.006567
85,Copy_SSS_shares,356.011340
85,Key_send_to_AES,34.005944
85,AES_encrypt,267.011999
85,Enc_artifact_distrib,45.012297
85,Copy_Alice_to_Infra,54.007263
85,HTTP_POST_shares,2578.012119
85,HTTP_GET_shares,3972.009169
85,Copy_Infra_to_Bob,62.009214
85,SSS_combine,183.009260
85,AES_decrypt,293.005015
86,QKD_key_generation,1254.014386
86,SSS_split,2107.011737
86,Copy_SSS_shares,356.007872
86,Key_send_to_AES,34.010738
86,AES_encrypt,267.013768
86,Enc_artifact_distrib,45.014359
86,Copy_Alice_to_Infra,54.007431
86,HTTP_POST_shares,2578.014621
86,HTTP_GET_shares,3972.006251
86,Copy_Infra_to_Bob,62.008472
86,SSS_combine,183.012513
86,AES_decrypt,293.010875
87,QKD_key_generation,1254.013923
87,SSS_split,2107.005296
87,Copy_SSS_shares,356.009831
87,Key_send_to_AES,34.010816
87,AES_encrypt,267.012164
87,Enc_artifact_distrib,45.009771
87,Copy_Alice_to_Infra,54.006241
87,HTTP_POST_shares,2578.010155
87,HTTP_GET_shares,3972.011074
87,Copy_Infra_to_Bob,62.005607
87,SSS_combine,183.005142
87,AES_decrypt,293.009705
88,QKD_key_generation,1254.009068
88,SSS_split,2107.006158
88,Copy_SSS_shares,356.005445
88,Key_send_to_AES,34.007925
88,AES_encrypt,267.009237
88,Enc_artifact_distrib,45.011331
88,Copy_Alice_to_Infra,54.012646
88,HTTP_POST_shares,2578.011544
88,HTTP_GET_shares,3972.013921
88,Copy_Infra_to_Bob,62.011342
88,SSS_combine,183.008443
88,AES_decrypt,293.014800
89,QKD_key_generation,1254.009097
89,SSS_split,2107.010210
89,Copy_SSS_shares,356.009567
89,Key_send_to_AES,34.005511
89,AES_encrypt,267.009265
89,Enc_artifact_distrib,45.006829
89,Copy_Alice_to_Infra,54.007078
89,HTTP_POST_shares,2578.010068
89,HTTP_GET_shares,3972.007155
89,Copy_Infra_to_Bob,62.012203
89,SSS_combine,183.014992
89,AES_decrypt,293.012966
90,QKD_key_generation,1254.011091
90,SSS_split,2107.012656
90,Copy_SSS_shares,356.013448
90,Key_send_to_AES,34.014048
90,AES_encrypt,267.010901
90,Enc_artifact_distrib,45.008538
90,Copy_Alice_to_Infra,54.007004
90,HTTP_POST_shares,2578.008244
90,HTTP_GET_shares,3972.008296
90,Copy_Infra_to_Bob,62.010499
90,SSS_combine,183.006558
90,AES_decrypt,293.005974
91,QKD_key_generation,1254.005943
91,SSS_split,2107.005728
91,Copy_SSS_shares,356.011469
91,Key_send_to_AES,34.008240
91,AES_encrypt,267.007040
91,Enc_artifact_distrib,45.006667
91,Copy_Alice_to_Infra,54.013291
91,HTTP_POST_shares,2578.006205
91,HTTP_GET_shares,3972.007392
91,Copy_Infra_to_Bob,62.012107
91,SSS_combine,183.013951
91,AES_decrypt,293.014654
92,QKD_key_generation,1254.006220
92,SSS_split,2107.006466
92,Copy_SSS_shares,356.005655
92,Key_send_to_AES,34.012565
92,AES_encrypt,267.008864
92,Enc_artifact_distrib,45.012531
92,Copy_Alice_to_Infra,54.013322
92,HTTP_POST_shares,2578.013678
92,HTTP_GET_shares,3972.009178
92,Copy_Infra_to_Bob,62.009977
92,SSS_combine,183.007187
92,AES_decrypt,293.013567
93,QKD_key_generation,1254.013098
93,SSS_split,2107.007158
93,Copy_SSS_shares,356.013251
93,Key_send_to_AES,34.011472
93,AES_encrypt,267.011576
93,Enc_artifact_distrib,45.005577
93,Copy_Alice_to_Infra,54.011243
93,HTTP_POST_shares,2578.006438
93,HTTP_GET_shares,3972.005785
93,Copy_Infra_to_Bob,62.006871
93,SSS_combine,183.009282
93,AES_decrypt,293.012273
94,QKD_key_generation,1254.013143
94,SSS_split,2107.005697
94,Copy_SSS_shares,356.012014
94,Key_send_to_AES,34.008468
94,AES_encrypt,267.009199
94,Enc_artifact_distrib,45.010622
94,Copy_Alice_to_Infra,54.010923
94,HTTP_POST_shares,2578.008054
94,HTTP_GET_shares,3972.006676
94,Copy_Infra_to_Bob,62.009994
94,SSS_combine,183.011189
94,AES_decrypt,293.010827
95,QKD_key_generation,1254.008549
95,SSS_split,2107.013656
95,Copy_SSS_shares,356.005763
95,Key_send_to_AES,34.009861
95,AES_encrypt,267.013210
95,Enc_artifact_distrib,45.010283
95,Copy_Alice_to_Infra,54.009271
95,HTTP_POST_shares,2578.013981
95,HTTP_GET_shares,3972.013441
95,Copy_Infra_to_Bob,62.012974
95,SSS_combine,183.010481
95,AES_decrypt,293.014239
96,QKD_key_generation,1254.005605
96,SSS_split,2107.010283
96,Copy_SSS_shares,356.013556
96,Key_send_to_AES,34.011589
96,AES_encrypt,267.005312
96,Enc_artifact_distrib,45.005745
96,Copy_Alice_to_Infra,54.011128
96,HTTP_POST_shares,2578.012550
96,HTTP_GET_shares,3972.012481
96,Copy_Infra_to_Bob,62.013963
96,SSS_combine,183.007220
96,AES_decrypt,293.010974
97,QKD_key_generation,1254.014512
97,SSS_split,2107.008374
97,Copy_SSS_shares,356.011464
97,Key_send_to_AES,34.008879
97,AES_encrypt,267.014732
97,Enc_artifact_distrib,45.008048
97,Copy_Alice_to_Infra,54.005129
97,HTTP_POST_shares,2578.009143
97,HTTP_GET_shares,3972.008378
97,Copy_Infra_to_Bob,62.013300
97,SSS_combine,183.008430
97,AES_decrypt,293.010037
98,QKD_key_generation,1254.007566
98,SSS_split,2107.014651
98,Copy_SSS_shares,356.012414
98,Key_send_to_AES,34.007504
98,AES_encrypt,267.006614
98,Enc_artifact_distrib,45.013671
98,Copy_Alice_to_Infra,54.007645
98,HTTP_POST_shares,2578.005725
98,HTTP_GET_shares,3972.010103
98,Copy_Infra_to_Bob,62.009039
98,SSS_combine,183.005274
98,AES_decrypt,293.006634
99,QKD_key_generation,1254.011346
99,SSS_split,2107.014004
99,Copy_SSS_shares,356.014848
99,Key_send_to_AES,34.013864
99,AES_encrypt,267.009809
99,Enc_artifact_distrib,45.012677
99,Copy_Alice_to_Infra,54.014306
99,HTTP_POST_shares,2578.014983
99,HTTP_GET_shares,3972.014774
99,Copy_Infra_to_Bob,62.006479
99,SSS_combine,183.009672
99,AES_decrypt,293.009402
100,QKD_key_generation,1254.006470
100,SSS_split,2107.008014
100,Copy_SSS_shares,356.005089
100,Key_send_to_AES,34.007808
100,AES_encrypt,267.012335
100,Enc_artifact_distrib,45.014271
100,Copy_Alice_to_Infra,54.010385
100,HTTP_POST_shares,2578.013412
100,HTTP_GET_shares,3972.012246
100,Copy_Infra_to_Bob,62.007679
100,SSS_combine,183.011521
100,AES_decrypt,293.008936